{"partes":{"p3":{"dCaras":{" c09 ":{"listaVertices":{"v0":{"X":0.30000000000000004,"Y":0.35,"Z":-0.51999998092651367},"v10":{"X":0.2984807753012208,"Y":0.367364817766693,"Z":-0.51999998092651367},"v20":{"X":0.29396926207859086,"Y":0.38420201433256684,"Z":-0.51999998092651367},"v30":{"X":0.2866025403784439,"Y":0.39999999999999997,"Z":-0.51999998092651367},"v40":{"X":0.27660444431189779,"Y":0.4142787609686539,"Z":-0.51999998092651367},"v50":{"X":0.26427876096865394,"Y":0.42660444431189781,"Z":-0.51999998092651367},"v60":{"X":0.25,"Y":0.43660254037844382,"Z":-0.51999998092651367},"v70":{"X":0.23420201433256691,"Y":0.44396926207859083,"Z":-0.51999998092651367},"v80":{"X":0.21736481776669306,"Y":0.44848077530122077,"Z":-0.51999998092651367},"v90":{"X":0.2,"Y":0.44999999999999996,"Z":-0.51999998092651367},"v100":{"X":0.182635182233307,"Y":0.44848077530122077,"Z":-0.51999998092651367},"v110":{"X":0.16579798566743315,"Y":0.44396926207859083,"Z":-0.51999998092651367},"v120":{"X":0.15000000000000002,"Y":0.43660254037844387,"Z":-0.51999998092651367},"v130":{"X":0.13572123903134609,"Y":0.42660444431189781,"Z":-0.51999998092651367},"v140":{"X":0.12339555568810222,"Y":0.4142787609686539,"Z":-0.51999998092651367},"v150":{"X":0.11339745962155613,"Y":0.39999999999999997,"Z":-0.51999998092651367},"v160":{"X":0.10603073792140917,"Y":0.38420201433256684,"Z":-0.51999998092651367},"v170":{"X":0.10151922469877921,"Y":0.367364817766693,"Z":-0.51999998092651367},"v180":{"X":0.1,"Y":0.35,"Z":-0.51999998092651367},"v190":{"X":0.10151922469877921,"Y":0.3326351822333069,"Z":-0.51999998092651367},"v200":{"X":0.10603073792140916,"Y":0.31579798566743311,"Z":-0.51999998092651367},"v210":{"X":0.11339745962155615,"Y":0.29999999999999993,"Z":-0.51999998092651367},"v220":{"X":0.1233955556881022,"Y":0.28572123903134605,"Z":-0.51999998092651367},"v230":{"X":0.13572123903134606,"Y":0.2733955556881022,"Z":-0.51999998092651367},"v240":{"X":0.14999999999999997,"Y":0.26339745962155614,"Z":-0.51999998092651367},"v250":{"X":0.16579798566743306,"Y":0.25603073792140918,"Z":-0.51999998092651367},"v260":{"X":0.182635182233307,"Y":0.25151922469877919,"Z":-0.51999998092651367},"v270":{"X":0.19999999999999998,"Y":0.24999999999999997,"Z":-0.51999998092651367},"v280":{"X":0.217364817766693,"Y":0.25151922469877919,"Z":-0.51999998092651367},"v290":{"X":0.23420201433256682,"Y":0.25603073792140912,"Z":-0.51999998092651367},"v300":{"X":0.25,"Y":0.26339745962155614,"Z":-0.51999998092651367},"v310":{"X":0.26427876096865394,"Y":0.27339555568810214,"Z":-0.51999998092651367},"v320":{"X":0.27660444431189779,"Y":0.285721239031346,"Z":-0.51999998092651367},"v330":{"X":0.28660254037844385,"Y":0.29999999999999993,"Z":-0.51999998092651367},"v340":{"X":0.29396926207859086,"Y":0.31579798566743311,"Z":-0.51999998092651367},"v350":{"X":0.2984807753012208,"Y":0.33263518223330685,"Z":-0.51999998092651367}},"Color":"Black","Centro":{"X":0.0,"Y":0.0,"Z":0.0},"vectorT":{"X":0.0,"Y":0.0,"Z":0.0},"Polygon":0}},"Centro":{"X":-0.9,"Y":-1.5,"Z":0.0},"velocidad":{"X":0.0,"Y":0.0,"Z":0.0},"aceleracion":{"X":0.0,"Y":-9.8,"Z":0.0},"limiteInferior":0.0,"limiteSuperior":0.0,"rebotando":false}},"Centro":{"X":-0.9,"Y":-1.5,"Z":0.0},"velocidad":{"X":1.0,"Y":-2.0,"Z":0.0},"Aceleracion":{"X":0.0,"Y":-9.8100004196167,"Z":0.0},"Rebotando":false}